{"_id":"55ee5e440949341009295192", "index":1000, "guid":"4f5c5a0f-5cf9-48ba-bfdd-3ab7d9ca6b02", "isActive":false, "balance":"$78,192.44", "picture":"http://placehold.it/32x32", "age":29, "eyeColor":"green", "name":"Roxie Mccray", "gender":"female", "company":"STREZZO", "email":"roxiemccray@strezzo.com", "phone":"+1 (989) 575-2267", "address":"420 Brightwater Court, Fontanelle, New Mexico, 1515", "about":"Non ea non sint culpa mollit ex exercitation aliqua cupidatat culpa ad. Elit in amet adipisicing labore amet in aute magna occaecat ullamco. Ullamco ut excepteur quis sit pariatur magna sint. Amet mollit consectetur magna proident occaecat commodo ullamco.\r\n", "registered":"2014-10-28T06:59:53 -07:00", "latitude":80.028526, "longitude":-112.185644, "tags":["labore", "nulla", "mollit", "officia", "est", "tempor", "eiusmod"], "friends":[{"id":0, "name":"Mathews Stout"}, {"id":1, "name":"Mccray Burnett"}, {"id":2, "name":"Evans Glenn"}], "greeting":"Hello, Roxie Mccray! You have 5 unread messages.", "favoriteFruit":"banana"}