{"_id":"55ee5e44b6da06d6a55468e3", "index":1332, "guid":"dc6d7bd0-9670-42f6-bc30-257d33269f16", "isActive":true, "balance":"$35,186.53", "picture":"http://placehold.it/32x32", "age":26, "eyeColor":"green", "name":"Winifred Willis", "gender":"female", "company":"GINKLE", "email":"winifredwillis@ginkle.com", "phone":"+1 (881) 540-2286", "address":"735 Oak Street, Emory, Virgin Islands, 3342", "about":"Eu labore consectetur et cillum. Id nisi consequat est consequat incididunt fugiat culpa minim. Consequat minim nisi qui eu ea sunt. Dolor ullamco Lorem incididunt ex in.\r\n", "registered":"2014-09-07T12:06:27 -07:00", "latitude":11.795411, "longitude":-14.665863, "tags":["laboris", "aliquip", "laboris", "ut", "exercitation", "voluptate", "eiusmod"], "friends":[{"id":0, "name":"Esperanza Vasquez"}, {"id":1, "name":"Cole Melendez"}, {"id":2, "name":"Dixon Serrano"}], "greeting":"Hello, Winifred Willis! You have 2 unread messages.", "favoriteFruit":"banana"}