{"_id":"55ee5e44255d3c123cac0465", "index":1133, "guid":"d407e4dd-334f-4f3d-94a5-1882b6ba3127", "isActive":true, "balance":"$54,619.53", "picture":"http://placehold.it/32x32", "age":40, "eyeColor":"blue", "name":"Goldie Hinton", "gender":"female", "company":"NETPLAX", "email":"goldiehinton@netplax.com", "phone":"+1 (856) 446-2543", "address":"643 Knickerbocker Avenue, Kerby, Indiana, 9856", "about":"Laboris velit ad eiusmod aute id ad ex eiusmod. Labore dolor nulla proident labore. Incididunt enim irure aliquip excepteur Lorem cillum sunt pariatur ut sint. Duis ea ex incididunt ex. Ea velit sint labore non excepteur dolor velit.\r\n", "registered":"2014-02-01T07:30:03 -07:00", "latitude":-75.495853, "longitude":45.552401, "tags":["duis", "do", "qui", "pariatur", "pariatur", "in", "ex"], "friends":[{"id":0, "name":"Justice Fuller"}, {"id":1, "name":"Rutledge Pope"}, {"id":2, "name":"Sophie Baxter"}], "greeting":"Hello, Goldie Hinton! You have 3 unread messages.", "favoriteFruit":"orange"}