{"_id":"55ee5e44220a3099835175d1", "index":1075, "guid":"b6ebc9c6-b9c1-4645-8d4f-8b6c155e6ed5", "isActive":false, "balance":"$48,700.51", "picture":"http://placehold.it/32x32", "age":26, "eyeColor":"blue", "name":"Trudy Adams", "gender":"female", "company":"REPETWIRE", "email":"trudyadams@repetwire.com", "phone":"+1 (957) 509-2220", "address":"786 Woodside Avenue, Farmers, Indiana, 9253", "about":"Cupidatat minim tempor consequat magna aliqua consectetur eiusmod. Quis ex pariatur cillum nostrud minim consequat non elit elit nostrud laborum. Est aliquip veniam sint eu fugiat dolore et aute laborum et culpa ea aute anim. Aliqua est nisi ad nisi irure enim enim velit ullamco qui voluptate exercitation ea anim.\r\n", "registered":"2014-02-01T07:05:28 -07:00", "latitude":-37.794079, "longitude":-128.380301, "tags":["enim", "sit", "adipisicing", "aliqua", "do", "reprehenderit", "tempor"], "friends":[{"id":0, "name":"Mcdowell Cervantes"}, {"id":1, "name":"May James"}, {"id":2, "name":"Sybil Spears"}], "greeting":"Hello, Trudy Adams! You have 5 unread messages.", "favoriteFruit":"pear"}