{"_id":"55ee5e442a7e3f00ece418e4", "index":1152, "guid":"1280cdb0-4dba-470c-82a9-6002a1dd67f3", "isActive":false, "balance":"$79,907.74", "picture":"http://placehold.it/32x32", "age":55, "eyeColor":"brown", "name":"Gibbs Robertson", "gender":"male", "company":"APPLIDECK", "email":"gibbsrobertson@applideck.com", "phone":"+1 (899) 424-3115", "address":"860 Kenmore Court, Chamizal, Tennessee, 4306", "about":"Dolore commodo ex tempor duis exercitation aliquip sint reprehenderit. Nostrud do esse velit incididunt anim fugiat laboris in magna laborum proident est. Labore nulla mollit ea aute ea commodo.\r\n", "registered":"2015-02-21T08:30:18 -07:00", "latitude":20.182287, "longitude":85.846496, "tags":["eu", "elit", "eiusmod", "excepteur", "eu", "qui", "aute"], "friends":[{"id":0, "name":"Nell Fry"}, {"id":1, "name":"Leonard Roberson"}, {"id":2, "name":"Corina Jacobson"}], "greeting":"Hello, Gibbs Robertson! You have 8 unread messages.", "favoriteFruit":"banana"}