{"_id":"55ee5e447d29ca719f9f8aa7", "index":1352, "guid":"ed638290-eee9-4632-a5c9-6db75db20a4e", "isActive":true, "balance":"$35,572.18", "picture":"http://placehold.it/32x32", "age":44, "eyeColor":"green", "name":"Morrow Mccarty", "gender":"male", "company":"ENDIPINE", "email":"morrowmccarty@endipine.com", "phone":"+1 (834) 430-3137", "address":"876 Dank Court, Montura, Alaska, 4414", "about":"Pariatur ut consequat consectetur in consectetur. Magna anim excepteur eu reprehenderit non aute nisi sunt nisi in proident proident est. Deserunt ut amet mollit eu laboris tempor aute aliqua irure mollit. Culpa aute ex pariatur pariatur ipsum reprehenderit aute ad esse aute duis esse. Ipsum nostrud minim ex do nostrud.\r\n", "registered":"2014-03-29T11:01:45 -07:00", "latitude":-76.251364, "longitude":178.026936, "tags":["veniam", "cillum", "in", "commodo", "deserunt", "ut", "id"], "friends":[{"id":0, "name":"Bertie Byers"}, {"id":1, "name":"Debbie Greer"}, {"id":2, "name":"Peck Merritt"}], "greeting":"Hello, Morrow Mccarty! You have 9 unread messages.", "favoriteFruit":"orange"}