{"_id":"55ee5e449434c2088e789940", "index":1405, "guid":"bd8c0216-cd56-42bc-ada8-eaba69231e38", "isActive":true, "balance":"$82,467.20", "picture":"http://placehold.it/32x32", "age":68, "eyeColor":"green", "name":"Lakeisha Beck", "gender":"female", "company":"WAZZU", "email":"lakeishabeck@wazzu.com", "phone":"+1 (947) 558-3215", "address":"916 Howard Alley, Lynn, Georgia, 6143", "about":"Qui esse sint consectetur sunt. Mollit ullamco consequat ad anim eu consectetur nostrud aute aute sit. Do id consequat ex qui dolor ad sit id. Sit amet minim ullamco nisi elit excepteur esse duis non ipsum aliqua. Ex aute enim fugiat qui in enim proident id id anim in. Nulla ipsum quis pariatur magna voluptate.\r\n", "registered":"2015-08-19T12:36:29 -07:00", "latitude":-27.63272, "longitude":-63.271539, "tags":["aliqua", "cillum", "amet", "adipisicing", "est", "ullamco", "et"], "friends":[{"id":0, "name":"Yesenia Cain"}, {"id":1, "name":"Joanne Daugherty"}, {"id":2, "name":"Patrice Walton"}], "greeting":"Hello, Lakeisha Beck! You have 6 unread messages.", "favoriteFruit":"pear"}