{"_id":"55ee5e44c4721962522b9d76", "index":1231, "guid":"db5ba35c-f809-424d-aa19-6d2fd8df9677", "isActive":false, "balance":"$7,526.86", "picture":"http://placehold.it/32x32", "age":51, "eyeColor":"green", "name":"Naomi Washington", "gender":"female", "company":"GEEKOSIS", "email":"naomiwashington@geekosis.com", "phone":"+1 (961) 447-3120", "address":"839 Anna Court, Cashtown, Georgia, 5032", "about":"Nulla pariatur laborum excepteur reprehenderit occaecat fugiat magna ad commodo. Tempor labore est in aliquip reprehenderit proident dolore fugiat commodo adipisicing tempor incididunt. Ullamco dolor exercitation ad ex id mollit cillum. Aute non pariatur sit adipisicing est laborum reprehenderit dolore commodo sint quis tempor laborum id.\r\n", "registered":"2015-07-29T09:18:54 -07:00", "latitude":49.923948, "longitude":95.244044, "tags":["consequat", "consequat", "id", "occaecat", "magna", "consectetur", "officia"], "friends":[{"id":0, "name":"Nettie Castaneda"}, {"id":1, "name":"Mcfadden Burns"}, {"id":2, "name":"Staci Ellison"}], "greeting":"Hello, Naomi Washington! You have 9 unread messages.", "favoriteFruit":"banana"}