{"_id":"55ee5e4403eafeaf23086be7", "index":1197, "guid":"66d005d4-270a-4349-a940-fcc8d1965399", "isActive":false, "balance":"$45,896.75", "picture":"http://placehold.it/32x32", "age":46, "eyeColor":"brown", "name":"Deanne Contreras", "gender":"female", "company":"DAYCORE", "email":"deannecontreras@daycore.com", "phone":"+1 (871) 518-2880", "address":"308 Mersereau Court, Harviell, New York, 4396", "about":"Velit est consequat sunt sint. Cupidatat pariatur commodo et sunt. Eu mollit pariatur nisi amet aute elit et. Ex dolor aliquip velit quis veniam qui velit elit voluptate ipsum officia velit. Commodo cupidatat elit commodo minim sunt cillum et elit. Anim nostrud aute aute fugiat est labore amet dolor dolore enim. Adipisicing nulla pariatur minim cupidatat ipsum qui tempor proident minim ex incididunt nisi ea occaecat.\r\n", "registered":"2015-05-28T09:30:15 -07:00", "latitude":-19.68015, "longitude":89.373599, "tags":["veniam", "minim", "veniam", "duis", "cillum", "labore", "officia"], "friends":[{"id":0, "name":"Kristi Owens"}, {"id":1, "name":"Noelle Patel"}, {"id":2, "name":"Julia Hooper"}], "greeting":"Hello, Deanne Contreras! You have 2 unread messages.", "favoriteFruit":"banana"}