{"_id":"55ee5e441b055acfbd289108", "index":1109, "guid":"d0a7e131-bbdf-4cf9-b25c-eb95f547008a", "isActive":false, "balance":"$71,110.53", "picture":"http://placehold.it/32x32", "age":46, "eyeColor":"brown", "name":"Wilkins Wheeler", "gender":"male", "company":"IMMUNICS", "email":"wilkinswheeler@immunics.com", "phone":"+1 (914) 510-3389", "address":"148 Henry Street, Whitewater, Illinois, 3569", "about":"Dolor ipsum do Lorem id amet culpa pariatur esse fugiat labore occaecat culpa quis sit. Et excepteur fugiat aliqua voluptate id nulla elit voluptate amet officia sunt ut. Deserunt magna enim laborum reprehenderit irure eiusmod irure ut commodo nostrud eu consequat proident adipisicing. Velit tempor sint non est eu incididunt.\r\n", "registered":"2014-09-18T11:14:47 -07:00", "latitude":-77.828422, "longitude":-124.01822, "tags":["nostrud", "elit", "culpa", "non", "deserunt", "ex", "adipisicing"], "friends":[{"id":0, "name":"Bowers Newton"}, {"id":1, "name":"Rene Howell"}, {"id":2, "name":"Flora Conway"}], "greeting":"Hello, Wilkins Wheeler! You have 5 unread messages.", "favoriteFruit":"orange"}