{"_id":"55ee5e448ae0e089eef713b0", "index":1327, "guid":"b731b090-d515-495e-a098-964ea21cf3e2", "isActive":false, "balance":"$23,842.06", "picture":"http://placehold.it/32x32", "age":60, "eyeColor":"green", "name":"Jeanie Malone", "gender":"female", "company":"KANGLE", "email":"jeaniemalone@kangle.com", "phone":"+1 (857) 487-2116", "address":"246 Taylor Street, Terlingua, Palau, 4609", "about":"Culpa sunt veniam nulla amet veniam irure sit eiusmod Lorem incididunt duis minim proident veniam. Sint esse sint ea elit eiusmod sit veniam duis anim cupidatat ad esse duis sint. Sunt aute ea sit cupidatat consectetur aute consequat. Pariatur fugiat pariatur mollit eiusmod nisi aliqua dolor qui duis. Eu voluptate dolor cupidatat ex laboris eu anim enim sunt incididunt. Reprehenderit nostrud id ipsum cupidatat sint esse eu deserunt Lorem. Nulla officia excepteur proident labore culpa magna excepteur velit aliquip aliqua do eiusmod adipisicing et.\r\n", "registered":"2015-05-13T01:27:48 -07:00", "latitude":-84.679002, "longitude":-136.064699, "tags":["est", "aliqua", "exercitation", "aliqua", "pariatur", "culpa", "qui"], "friends":[{"id":0, "name":"Walton Dixon"}, {"id":1, "name":"Baxter Crawford"}, {"id":2, "name":"Kirkland Gallegos"}], "greeting":"Hello, Jeanie Malone! You have 8 unread messages.", "favoriteFruit":"pear"}