{"_id":"55ee5e4445c211e9c240c5d2", "index":1261, "guid":"560d2926-9036-4592-90ce-216c40028c0a", "isActive":false, "balance":"$35,503.35", "picture":"http://placehold.it/32x32", "age":53, "eyeColor":"brown", "name":"Park Guerrero", "gender":"male", "company":"BOSTONIC", "email":"parkguerrero@bostonic.com", "phone":"+1 (969) 419-2047", "address":"220 Bridgewater Street, Oretta, New Jersey, 2786", "about":"Non reprehenderit et officia officia officia consectetur anim incididunt ad enim enim eu. Pariatur qui laborum pariatur ex et do do non officia excepteur duis. Laborum eiusmod eu duis ad commodo voluptate esse nulla sint incididunt ullamco dolore. Laboris enim voluptate commodo sint quis incididunt in esse.\r\n", "registered":"2014-02-11T02:06:34 -07:00", "latitude":41.429703, "longitude":132.338386, "tags":["adipisicing", "aliqua", "adipisicing", "excepteur", "consectetur", "id", "laboris"], "friends":[{"id":0, "name":"Helene Davidson"}, {"id":1, "name":"Carolina Chapman"}, {"id":2, "name":"Dolly Meyers"}], "greeting":"Hello, Park Guerrero! You have 6 unread messages.", "favoriteFruit":"strawberry"}