{"_id":"55ee5e44b58317dfc7473f6b", "index":1201, "guid":"08dd96b2-4b15-4c0b-8892-4b3c97c53f4c", "isActive":true, "balance":"$21,969.35", "picture":"http://placehold.it/32x32", "age":24, "eyeColor":"green", "name":"Bond Cleveland", "gender":"male", "company":"JASPER", "email":"bondcleveland@jasper.com", "phone":"+1 (927) 467-3269", "address":"472 Louisa Street, Grapeview, Minnesota, 4733", "about":"Labore fugiat nostrud sit sunt ad deserunt irure aliquip voluptate. Fugiat cupidatat non irure elit sunt sunt qui id commodo. Nisi qui officia nostrud tempor aliqua ad esse nisi pariatur.\r\n", "registered":"2014-05-04T12:24:43 -07:00", "latitude":7.534272, "longitude":71.393756, "tags":["irure", "sunt", "minim", "et", "enim", "esse", "eiusmod"], "friends":[{"id":0, "name":"Stefanie Frazier"}, {"id":1, "name":"Meghan Bray"}, {"id":2, "name":"Mercado Mueller"}], "greeting":"Hello, Bond Cleveland! You have 3 unread messages.", "favoriteFruit":"banana"}