{"_id":"55ee5e445e0067b359d4ff0b", "index":1277, "guid":"1f5ff809-9c47-4a4c-bb72-c778aa281726", "isActive":true, "balance":"$5,059.00", "picture":"http://placehold.it/32x32", "age":26, "eyeColor":"brown", "name":"Jeannette Holden", "gender":"female", "company":"OZEAN", "email":"jeannetteholden@ozean.com", "phone":"+1 (945) 516-2595", "address":"434 Seigel Court, Riverton, Missouri, 1120", "about":"Minim proident excepteur incididunt esse officia eiusmod non commodo. Esse aliqua incididunt duis officia labore proident voluptate exercitation elit exercitation do incididunt tempor. Ex mollit esse qui adipisicing veniam consectetur eiusmod. Dolore magna aliqua minim labore ut amet consectetur officia aute incididunt culpa qui nulla. Consequat eiusmod labore id labore incididunt aliquip cupidatat nostrud minim duis velit. Mollit consequat adipisicing quis veniam excepteur voluptate anim velit.\r\n", "registered":"2014-01-30T05:56:20 -07:00", "latitude":85.403241, "longitude":-11.182492, "tags":["commodo", "laborum", "ex", "dolore", "ad", "esse", "deserunt"], "friends":[{"id":0, "name":"Horn Cochran"}, {"id":1, "name":"Anita Hammond"}, {"id":2, "name":"Martin Pearson"}], "greeting":"Hello, Jeannette Holden! You have 4 unread messages.", "favoriteFruit":"orange"}