{"_id":"55ee5e4438d749fbd2db05c6", "index":1401, "guid":"7a03ca56-4bdf-4dc4-882f-ea9b421b4550", "isActive":true, "balance":"$75,911.91", "picture":"http://placehold.it/32x32", "age":31, "eyeColor":"blue", "name":"Penelope Mcpherson", "gender":"female", "company":"EXTRAGEN", "email":"penelopemcpherson@extragen.com", "phone":"+1 (991) 597-2283", "address":"254 Franklin Street, Alleghenyville, Florida, 7683", "about":"Lorem sit ipsum esse excepteur officia labore consequat esse sint eu ipsum. Laborum id laborum cupidatat eu cillum veniam ea consectetur anim. Mollit officia adipisicing incididunt occaecat est incididunt elit cillum esse deserunt occaecat. Tempor nisi quis qui adipisicing excepteur occaecat aute culpa fugiat anim ipsum ullamco non aute. Esse aliquip tempor proident fugiat ipsum dolore. Aliqua tempor dolor consequat sit aliqua cillum ut sint pariatur ullamco dolor.\r\n", "registered":"2014-01-06T12:42:41 -07:00", "latitude":60.852, "longitude":-109.187154, "tags":["occaecat", "esse", "mollit", "esse", "ea", "consequat", "laborum"], "friends":[{"id":0, "name":"Slater Bowers"}, {"id":1, "name":"Barrera Paul"}, {"id":2, "name":"Sampson Robertson"}], "greeting":"Hello, Penelope Mcpherson! You have 5 unread messages.", "favoriteFruit":"orange"}