{"_id":"55ee5e44f405de65a9e28f7e", "index":1099, "guid":"a4181544-c796-4a91-94da-6a196c19fe71", "isActive":true, "balance":"$65,916.99", "picture":"http://placehold.it/32x32", "age":58, "eyeColor":"brown", "name":"Elaine Ochoa", "gender":"female", "company":"PROTODYNE", "email":"elaineochoa@protodyne.com", "phone":"+1 (921) 452-3947", "address":"747 Hanson Place, Mayfair, Texas, 8603", "about":"Nisi incididunt nulla irure officia nostrud deserunt culpa aliquip occaecat qui adipisicing eu esse. Sunt esse nulla enim ex. Mollit elit ut id excepteur occaecat incididunt ex cupidatat velit consequat. Quis dolore in eiusmod aliqua commodo eiusmod esse enim eiusmod ad laboris fugiat aute reprehenderit. Ullamco mollit amet fugiat est id mollit id duis ea ex laborum. Veniam aliquip consectetur adipisicing minim et nisi officia.\r\n", "registered":"2014-06-18T06:32:20 -07:00", "latitude":43.353454, "longitude":2.027385, "tags":["nostrud", "minim", "pariatur", "cillum", "aliqua", "et", "nisi"], "friends":[{"id":0, "name":"Nelson Cunningham"}, {"id":1, "name":"Kitty Gillespie"}, {"id":2, "name":"Crystal Fowler"}], "greeting":"Hello, Elaine Ochoa! You have 7 unread messages.", "favoriteFruit":"strawberry"}