{"_id":"55ee5e448d2262927d56cc28", "index":1264, "guid":"c9231f2f-571b-488f-868b-bc0439947d0b", "isActive":false, "balance":"$21,934.78", "picture":"http://placehold.it/32x32", "age":52, "eyeColor":"brown", "name":"Kerry Fletcher", "gender":"female", "company":"QUILM", "email":"kerryfletcher@quilm.com", "phone":"+1 (955) 600-3414", "address":"343 Glendale Court, Goochland, Kentucky, 7802", "about":"Lorem mollit anim nostrud eu exercitation. Adipisicing sint incididunt veniam irure consequat aliqua culpa. Non reprehenderit aute voluptate irure tempor incididunt mollit dolor quis ex officia eiusmod pariatur. Ipsum sit ut eiusmod magna deserunt nostrud cillum aliqua eiusmod. Laborum occaecat exercitation labore occaecat elit.\r\n", "registered":"2015-08-18T03:32:42 -07:00", "latitude":14.132799, "longitude":85.403017, "tags":["et", "enim", "ex", "velit", "et", "velit", "exercitation"], "friends":[{"id":0, "name":"Caroline Mccarthy"}, {"id":1, "name":"Patsy Hayden"}, {"id":2, "name":"Haley Reyes"}], "greeting":"Hello, Kerry Fletcher! You have 6 unread messages.", "favoriteFruit":"banana"}