{"_id":"55ee5e44a9f20e7700232276", "index":1325, "guid":"87dc9fbe-bbf4-4617-ba88-d609303f58be", "isActive":false, "balance":"$66,563.27", "picture":"http://placehold.it/32x32", "age":40, "eyeColor":"blue", "name":"Evelyn Cervantes", "gender":"female", "company":"AVENETRO", "email":"evelyncervantes@avenetro.com", "phone":"+1 (828) 561-2462", "address":"733 Robert Street, Sunbury, South Carolina, 2496", "about":"Commodo in officia incididunt laborum proident sit tempor aliqua. Laborum sunt amet commodo incididunt esse fugiat officia excepteur amet cillum Lorem Lorem. Proident exercitation veniam laboris incididunt occaecat elit nostrud irure sunt sint velit. Cupidatat nostrud aute culpa minim veniam eiusmod laboris esse nisi. Sunt nisi id non excepteur sunt amet qui sunt eiusmod.\r\n", "registered":"2014-03-12T11:38:02 -07:00", "latitude":59.76446, "longitude":-79.261795, "tags":["ea", "consequat", "quis", "ad", "dolor", "excepteur", "dolor"], "friends":[{"id":0, "name":"Dunlap James"}, {"id":1, "name":"Sanford Spears"}, {"id":2, "name":"Mosley Gay"}], "greeting":"Hello, Evelyn Cervantes! You have 3 unread messages.", "favoriteFruit":"banana"}