{"_id":"55ee5e44c74dc136f690f121", "index":1362, "guid":"17d0f109-d42a-4817-aa44-0236cb93bd60", "isActive":false, "balance":"$73,719.76", "picture":"http://placehold.it/32x32", "age":63, "eyeColor":"green", "name":"Wise Sutton", "gender":"male", "company":"XYQAG", "email":"wisesutton@xyqag.com", "phone":"+1 (833) 476-2351", "address":"629 Clarendon Road, Hardyville, Colorado, 5508", "about":"Lorem culpa occaecat sunt qui qui consectetur officia aute non officia. Et in occaecat ex duis consectetur tempor culpa dolore. Eiusmod tempor elit occaecat esse sint veniam reprehenderit voluptate ad commodo deserunt.\r\n", "registered":"2015-01-13T03:56:13 -07:00", "latitude":13.336442, "longitude":128.459706, "tags":["occaecat", "cupidatat", "ea", "nisi", "consectetur", "pariatur", "non"], "friends":[{"id":0, "name":"Jewel Wall"}, {"id":1, "name":"Colon Odonnell"}, {"id":2, "name":"Simon Atkins"}], "greeting":"Hello, Wise Sutton! You have 6 unread messages.", "favoriteFruit":"banana"}