{"_id":"55ee5e4476921d86950927ab", "index":1320, "guid":"03e8e860-2062-4fad-a160-8374b1281553", "isActive":true, "balance":"$15,024.05", "picture":"http://placehold.it/32x32", "age":27, "eyeColor":"brown", "name":"Foreman Clemons", "gender":"male", "company":"ZUVY", "email":"foremanclemons@zuvy.com", "phone":"+1 (966) 595-2161", "address":"262 Elmwood Avenue, Teasdale, Mississippi, 5008", "about":"Culpa reprehenderit adipisicing aute incididunt. Nisi enim non et aliquip eu consequat. Exercitation non commodo deserunt dolor qui cillum.\r\n", "registered":"2015-07-07T10:39:48 -07:00", "latitude":15.878562, "longitude":69.328116, "tags":["cillum", "nostrud", "amet", "consequat", "amet", "aliquip", "ea"], "friends":[{"id":0, "name":"Fuller Nieves"}, {"id":1, "name":"Misty Castro"}, {"id":2, "name":"Hurley Elliott"}], "greeting":"Hello, Foreman Clemons! You have 4 unread messages.", "favoriteFruit":"strawberry"}