{"_id":"55ee5e44efc0820f2682c80c", "index":1426, "guid":"8ecd9012-8dfa-4fff-96e3-715c3a17cd57", "isActive":true, "balance":"$66,792.90", "picture":"http://placehold.it/32x32", "age":37, "eyeColor":"green", "name":"Leola Gonzalez", "gender":"female", "company":"GOGOL", "email":"leolagonzalez@gogol.com", "phone":"+1 (925) 535-2458", "address":"665 Roosevelt Court, Stewartville, Idaho, 8165", "about":"Minim dolor labore irure eu tempor ut ipsum commodo irure. Aute tempor voluptate aliqua adipisicing laborum. Voluptate enim laboris est deserunt fugiat dolor adipisicing.\r\n", "registered":"2015-03-29T07:14:07 -07:00", "latitude":40.185553, "longitude":-27.318402, "tags":["officia", "anim", "non", "dolore", "dolor", "ullamco", "dolor"], "friends":[{"id":0, "name":"Madelyn Barr"}, {"id":1, "name":"Nellie Love"}, {"id":2, "name":"Glover Young"}], "greeting":"Hello, Leola Gonzalez! You have 2 unread messages.", "favoriteFruit":"orange"}