{"_id":"55ee5e44fe0384abbd7394b8", "index":1178, "guid":"1effe501-7154-49fb-95f5-b46d5eec8389", "isActive":true, "balance":"$94,250.45", "picture":"http://placehold.it/32x32", "age":60, "eyeColor":"blue", "name":"Fernandez Hall", "gender":"male", "company":"VISUALIX", "email":"fernandezhall@visualix.com", "phone":"+1 (960) 551-3951", "address":"724 Linden Boulevard, Marshall, Alaska, 6725", "about":"Officia ad adipisicing nisi culpa excepteur enim est in ipsum eiusmod. In laborum est aute non quis ad cupidatat eu tempor fugiat ea do enim. Eiusmod reprehenderit incididunt deserunt quis fugiat proident excepteur in anim. Id exercitation nostrud fugiat et mollit. Id est deserunt dolore in et quis et id. Tempor labore ad labore qui. Magna veniam nulla ipsum velit.\r\n", "registered":"2014-07-14T11:02:14 -07:00", "latitude":-18.643431, "longitude":35.990193, "tags":["et", "ipsum", "fugiat", "veniam", "enim", "cupidatat", "tempor"], "friends":[{"id":0, "name":"Betsy Carver"}, {"id":1, "name":"Benson Howe"}, {"id":2, "name":"Maggie Wilkins"}], "greeting":"Hello, Fernandez Hall! You have 8 unread messages.", "favoriteFruit":"pear"}