{"_id":"55ee5e4479fd093b765bb7d7", "index":1183, "guid":"f9617181-9991-42a5-a567-aa07bd89ffae", "isActive":true, "balance":"$10,673.63", "picture":"http://placehold.it/32x32", "age":57, "eyeColor":"green", "name":"Norris Stuart", "gender":"male", "company":"SURETECH", "email":"norrisstuart@suretech.com", "phone":"+1 (819) 481-3313", "address":"911 Concord Street, Gratton, Louisiana, 2666", "about":"Est proident veniam deserunt commodo tempor Lorem esse sunt nisi Lorem proident. Officia eiusmod tempor excepteur reprehenderit excepteur nulla laboris aliquip magna consectetur adipisicing. Enim labore laboris ex minim et elit irure dolore magna. Eu consequat irure dolore amet id nostrud tempor non fugiat aliquip magna voluptate. Ea incididunt duis est sint minim nisi excepteur laboris. Aliqua id ad magna qui quis exercitation veniam deserunt sint culpa velit velit consequat pariatur. Aliqua esse aliquip exercitation consequat quis ad culpa velit commodo non est.\r\n", "registered":"2014-02-03T04:58:23 -07:00", "latitude":25.430294, "longitude":-166.154129, "tags":["fugiat", "ullamco", "Lorem", "magna", "amet", "consequat", "excepteur"], "friends":[{"id":0, "name":"Madge Stanley"}, {"id":1, "name":"Short Chang"}, {"id":2, "name":"Campbell Allen"}], "greeting":"Hello, Norris Stuart! You have 10 unread messages.", "favoriteFruit":"strawberry"}