{"_id":"55ee5e44e98c375f954a9c6a", "index":1110, "guid":"fb21d96a-b457-420e-9566-455ed902a68e", "isActive":true, "balance":"$74,615.65", "picture":"http://placehold.it/32x32", "age":25, "eyeColor":"brown", "name":"Ericka Schmidt", "gender":"female", "company":"FUTURITY", "email":"erickaschmidt@futurity.com", "phone":"+1 (909) 578-3975", "address":"298 Gem Street, Homeworth, Kansas, 6269", "about":"Cillum duis nulla occaecat sit mollit irure. Duis do est sunt aliqua ex mollit deserunt ipsum cillum id. Esse enim ut ex pariatur ea labore. Eu irure Lorem reprehenderit voluptate cupidatat veniam nulla non amet nostrud ipsum. Exercitation commodo anim laboris quis labore exercitation.\r\n", "registered":"2014-05-07T12:37:35 -07:00", "latitude":-1.993905, "longitude":-63.947539, "tags":["do", "non", "voluptate", "ex", "consequat", "esse", "laboris"], "friends":[{"id":0, "name":"Cervantes Mccullough"}, {"id":1, "name":"Mcknight Mcleod"}, {"id":2, "name":"Sutton Neal"}], "greeting":"Hello, Ericka Schmidt! You have 3 unread messages.", "favoriteFruit":"orange"}