{"_id":"55ee5e440da18b60779a6456", "index":1351, "guid":"5a8e5516-6657-4203-bc25-6d661308248b", "isActive":true, "balance":"$91,137.22", "picture":"http://placehold.it/32x32", "age":24, "eyeColor":"brown", "name":"Hurst Dominguez", "gender":"male", "company":"SOLAREN", "email":"hurstdominguez@solaren.com", "phone":"+1 (879) 578-2948", "address":"254 Ashland Place, Sidman, West Virginia, 4870", "about":"Qui incididunt ad labore deserunt elit sunt est et. Irure deserunt ullamco ea duis non non aliqua mollit. Qui cupidatat ea anim aute pariatur. Occaecat sunt est est esse culpa fugiat dolore officia fugiat aute minim. Officia ex cupidatat duis non incididunt veniam do aliqua cupidatat adipisicing nulla magna eu ea.\r\n", "registered":"2015-06-26T11:08:48 -07:00", "latitude":-59.551072, "longitude":-116.043477, "tags":["ut", "nisi", "pariatur", "quis", "sint", "Lorem", "eu"], "friends":[{"id":0, "name":"Wynn Collins"}, {"id":1, "name":"Earline Gamble"}, {"id":2, "name":"Sondra Nicholson"}], "greeting":"Hello, Hurst Dominguez! You have 4 unread messages.", "favoriteFruit":"banana"}