{"_id":"55ee5e448f7e6c5b766b2f0c", "index":1001, "guid":"16b1ec49-7822-42fe-b22a-eb99f801b400", "isActive":true, "balance":"$58,912.27", "picture":"http://placehold.it/32x32", "age":25, "eyeColor":"green", "name":"Victoria Sexton", "gender":"female", "company":"UTARA", "email":"victoriasexton@utara.com", "phone":"+1 (937) 428-2522", "address":"954 John Street, Mathews, South Dakota, 6946", "about":"Reprehenderit do est officia magna cupidatat exercitation fugiat labore eu. Exercitation excepteur esse dolor sunt nostrud velit in occaecat anim. Labore tempor sit esse anim esse laboris deserunt aute eiusmod commodo est est. Commodo duis id ex eu duis dolor quis aute.\r\n", "registered":"2014-04-09T03:14:54 -07:00", "latitude":-36.192008, "longitude":23.718812, "tags":["occaecat", "enim", "id", "minim", "Lorem", "ullamco", "ipsum"], "friends":[{"id":0, "name":"Dudley Higgins"}, {"id":1, "name":"Lora Lester"}, {"id":2, "name":"Montgomery Rowland"}], "greeting":"Hello, Victoria Sexton! You have 10 unread messages.", "favoriteFruit":"apple"}