{"_id":"55ee5e44f479eedbe575a4b3", "index":1263, "guid":"016b9f5e-c833-4994-8d84-b58a451f5572", "isActive":false, "balance":"$53,309.65", "picture":"http://placehold.it/32x32", "age":47, "eyeColor":"green", "name":"Cora Fitzgerald", "gender":"female", "company":"LYRICHORD", "email":"corafitzgerald@lyrichord.com", "phone":"+1 (986) 421-2688", "address":"500 Brighton Avenue, Tioga, North Carolina, 5289", "about":"Laborum ullamco excepteur non labore voluptate proident labore ad deserunt eu elit. Aute ut do tempor excepteur cillum incididunt laborum labore anim. Cupidatat in esse deserunt velit voluptate consequat occaecat. Ut culpa et esse velit ex consequat officia anim sint do eu adipisicing. Minim anim cupidatat laborum elit officia nulla est eu in duis enim commodo. Dolore velit qui nulla amet occaecat ut et eiusmod nulla culpa. Occaecat aliquip reprehenderit id sit dolore occaecat do.\r\n", "registered":"2015-01-14T04:05:03 -07:00", "latitude":-87.204092, "longitude":166.39841, "tags":["ipsum", "minim", "eiusmod", "tempor", "nostrud", "ex", "sit"], "friends":[{"id":0, "name":"Shelley Boone"}, {"id":1, "name":"Marta Hart"}, {"id":2, "name":"Georgia Hughes"}], "greeting":"Hello, Cora Fitzgerald! You have 5 unread messages.", "favoriteFruit":"orange"}