{"_id":"55ee5e44d1535323f52961a9", "index":1174, "guid":"502ec9c7-38e3-4f67-a157-0e736cc58ab8", "isActive":true, "balance":"$15,893.08", "picture":"http://placehold.it/32x32", "age":34, "eyeColor":"green", "name":"Vera Lawrence", "gender":"female", "company":"VORTEXACO", "email":"veralawrence@vortexaco.com", "phone":"+1 (951) 557-2888", "address":"452 Hendrix Street, Stevens, New Mexico, 2821", "about":"Fugiat sint in ipsum aute sunt labore nisi consectetur duis. Irure anim voluptate velit quis consequat. Qui reprehenderit pariatur consequat voluptate excepteur voluptate in laboris amet labore est cillum laboris. Nostrud sunt et nostrud eiusmod commodo dolore velit in anim.\r\n", "registered":"2014-02-25T11:23:03 -07:00", "latitude":-65.954044, "longitude":-39.610017, "tags":["consequat", "id", "cupidatat", "irure", "aliquip", "officia", "exercitation"], "friends":[{"id":0, "name":"Tammie Pace"}, {"id":1, "name":"Crosby Maxwell"}, {"id":2, "name":"Leta Carr"}], "greeting":"Hello, Vera Lawrence! You have 3 unread messages.", "favoriteFruit":"pear"}