{"_id":"55ee5e4423508e42d3057e4c", "index":1439, "guid":"4ead3c78-5be4-4cdd-b319-b7eb955966d3", "isActive":false, "balance":"$40,456.26", "picture":"http://placehold.it/32x32", "age":58, "eyeColor":"green", "name":"Irene Delgado", "gender":"female", "company":"INTERGEEK", "email":"irenedelgado@intergeek.com", "phone":"+1 (928) 600-3547", "address":"259 Jefferson Street, Murillo, Michigan, 4676", "about":"Aliqua aliquip veniam occaecat duis. Mollit ipsum id ipsum consectetur in minim velit nulla pariatur aliqua ullamco veniam reprehenderit. Dolor occaecat ut Lorem in magna dolore anim et ad ipsum do. Nisi ipsum anim consectetur cupidatat consectetur proident occaecat fugiat sit.\r\n", "registered":"2014-04-06T09:51:57 -07:00", "latitude":-63.634207, "longitude":137.094782, "tags":["aute", "ullamco", "magna", "dolore", "commodo", "fugiat", "irure"], "friends":[{"id":0, "name":"Loretta Clark"}, {"id":1, "name":"Malone Stein"}, {"id":2, "name":"Hawkins Mcintosh"}], "greeting":"Hello, Irene Delgado! You have 8 unread messages.", "favoriteFruit":"pear"}