{"_id":"55ee5e44c74ea14bc956b9b8", "index":1103, "guid":"a064034b-4798-46f0-b168-40c4f062c40e", "isActive":false, "balance":"$7,321.65", "picture":"http://placehold.it/32x32", "age":29, "eyeColor":"blue", "name":"Carmen Merritt", "gender":"female", "company":"GLOBOIL", "email":"carmenmerritt@globoil.com", "phone":"+1 (929) 488-3648", "address":"802 Mill Lane, Beaulieu, Missouri, 2413", "about":"Quis sint amet magna aliqua. Dolor mollit nisi elit exercitation do commodo consectetur non dolore. Commodo laborum commodo mollit est qui Lorem esse esse exercitation consectetur in anim. Culpa pariatur proident exercitation fugiat aute officia nulla laborum enim laboris ut duis adipisicing tempor. Voluptate pariatur excepteur ut ad aliqua elit.\r\n", "registered":"2015-06-10T01:51:09 -07:00", "latitude":32.448484, "longitude":-16.213079, "tags":["aliqua", "commodo", "velit", "velit", "esse", "Lorem", "in"], "friends":[{"id":0, "name":"Hughes Russo"}, {"id":1, "name":"Dawn Blankenship"}, {"id":2, "name":"Shannon Craft"}], "greeting":"Hello, Carmen Merritt! You have 1 unread messages.", "favoriteFruit":"pear"}