{"_id":"55ee5e44ecd0d3572994aad2", "index":1017, "guid":"4be30005-01a8-49e6-80f4-efa520045f4d", "isActive":false, "balance":"$53,125.86", "picture":"http://placehold.it/32x32", "age":29, "eyeColor":"brown", "name":"Joan Grant", "gender":"female", "company":"BITREX", "email":"joangrant@bitrex.com", "phone":"+1 (995) 455-2704", "address":"595 Brighton Court, Hachita, Indiana, 2667", "about":"Officia adipisicing nulla laboris proident nulla sit occaecat dolore dolor non sint. Veniam aliquip sit ut mollit. Dolor do quis non id magna.\r\n", "registered":"2015-08-10T10:29:58 -07:00", "latitude":-22.522858, "longitude":-166.923489, "tags":["sit", "qui", "aliqua", "elit", "eu", "eiusmod", "voluptate"], "friends":[{"id":0, "name":"Deena Burke"}, {"id":1, "name":"Kerr Rogers"}, {"id":2, "name":"Compton Lee"}], "greeting":"Hello, Joan Grant! You have 1 unread messages.", "favoriteFruit":"apple"}