{"_id":"55ee5e448a84f1a60fb440c3", "index":1200, "guid":"f0ce0264-3fe6-46a7-aec8-2ba84497cd24", "isActive":true, "balance":"$64,193.16", "picture":"http://placehold.it/32x32", "age":65, "eyeColor":"brown", "name":"Ramona Ross", "gender":"female", "company":"ATOMICA", "email":"ramonaross@atomica.com", "phone":"+1 (972) 538-3882", "address":"608 Overbaugh Place, Chelsea, American Samoa, 2083", "about":"Nostrud et duis in laborum magna dolore Lorem irure commodo nulla Lorem reprehenderit. Magna laboris ex minim ullamco incididunt est ea adipisicing reprehenderit veniam amet ullamco. Culpa culpa magna do commodo do excepteur aute labore. Culpa nulla aute anim quis velit excepteur nisi aliquip non. Et ad in do magna elit aute ut cillum non deserunt duis consequat reprehenderit amet. Cupidatat non id ad anim commodo ut laboris culpa commodo labore eu mollit eu proident.\r\n", "registered":"2015-05-12T10:47:42 -07:00", "latitude":-43.869993, "longitude":106.131176, "tags":["eiusmod", "anim", "minim", "sint", "consequat", "laboris", "sit"], "friends":[{"id":0, "name":"Sargent Nielsen"}, {"id":1, "name":"Nona Potts"}, {"id":2, "name":"Jodi Benton"}], "greeting":"Hello, Ramona Ross! You have 1 unread messages.", "favoriteFruit":"apple"}