{"_id":"55ee5e44e1efa65dcae71fae", "index":1311, "guid":"707526ba-4c99-43ed-b63c-afc1e8083764", "isActive":false, "balance":"$55,138.11", "picture":"http://placehold.it/32x32", "age":57, "eyeColor":"blue", "name":"Mays Faulkner", "gender":"male", "company":"TASMANIA", "email":"maysfaulkner@tasmania.com", "phone":"+1 (846) 513-3488", "address":"220 Conduit Boulevard, Wells, Rhode Island, 5481", "about":"Ipsum dolore officia excepteur minim adipisicing culpa excepteur id Lorem ex adipisicing nisi fugiat ut. Occaecat minim nisi dolor voluptate velit incididunt consequat. Consectetur proident anim reprehenderit ad do cupidatat ex commodo. Qui duis esse deserunt Lorem eu eu velit laborum qui commodo ipsum nostrud in. Pariatur ea sunt sunt consequat eu. Excepteur quis non officia veniam reprehenderit adipisicing dolor ut deserunt sunt velit fugiat est veniam.\r\n", "registered":"2014-12-26T09:05:00 -07:00", "latitude":-66.307913, "longitude":-68.046058, "tags":["sunt", "aute", "sunt", "nisi", "est", "voluptate", "nisi"], "friends":[{"id":0, "name":"Regina Dyer"}, {"id":1, "name":"Tammy Duffy"}, {"id":2, "name":"Agnes Lucas"}], "greeting":"Hello, Mays Faulkner! You have 1 unread messages.", "favoriteFruit":"banana"}