{"_id":"55ee5e44224ccc9ac09c79bb", "index":1288, "guid":"8ef8c04d-a09e-43a3-864e-ee278831a64b", "isActive":false, "balance":"$62,516.74", "picture":"http://placehold.it/32x32", "age":36, "eyeColor":"brown", "name":"Tessa Nash", "gender":"female", "company":"ORBIXTAR", "email":"tessanash@orbixtar.com", "phone":"+1 (890) 489-2854", "address":"318 Times Placez, Stockdale, Oregon, 1943", "about":"Pariatur minim enim irure reprehenderit sint aliquip ullamco id ullamco pariatur voluptate nostrud sit. Laborum deserunt dolor exercitation anim voluptate proident culpa. Ipsum cillum sint proident ea adipisicing tempor ut nostrud dolore. Enim adipisicing aliquip irure et aute elit labore elit tempor sint sit do. Minim ut quis excepteur esse non consectetur irure do velit ex labore non laborum ea. Enim nulla nostrud cupidatat officia voluptate qui tempor anim exercitation pariatur non minim quis excepteur. Commodo proident incididunt ad eu et amet culpa.\r\n", "registered":"2014-11-06T01:36:02 -07:00", "latitude":-68.710499, "longitude":22.327669, "tags":["aute", "aliqua", "commodo", "ea", "consequat", "commodo", "ullamco"], "friends":[{"id":0, "name":"Shirley Maddox"}, {"id":1, "name":"Jessica Chan"}, {"id":2, "name":"Schmidt Parker"}], "greeting":"Hello, Tessa Nash! You have 6 unread messages.", "favoriteFruit":"pear"}