{"_id":"55ee5e44a5649376f36eb1f0", "index":1043, "guid":"15fc8adf-a16c-4b06-a5df-1c8576aa1499", "isActive":true, "balance":"$1,921.60", "picture":"http://placehold.it/32x32", "age":23, "eyeColor":"blue", "name":"Shanna Walters", "gender":"female", "company":"QUONK", "email":"shannawalters@quonk.com", "phone":"+1 (985) 444-2630", "address":"961 Court Street, Nelson, Pennsylvania, 681", "about":"Nostrud sint ea enim sint. Consequat aliquip dolore sunt ea sint dolore occaecat esse dolore. Occaecat aliquip excepteur aliquip adipisicing. Laborum voluptate in est labore aliquip nostrud proident laborum incididunt. Nulla aliqua laboris cupidatat occaecat est deserunt aute enim. Ipsum dolore ad occaecat non anim fugiat.\r\n", "registered":"2015-06-08T06:41:53 -07:00", "latitude":-58.510311, "longitude":-22.066426, "tags":["magna", "consequat", "pariatur", "fugiat", "non", "irure", "consectetur"], "friends":[{"id":0, "name":"Jenna Tyler"}, {"id":1, "name":"Hillary Powers"}, {"id":2, "name":"Jennifer Conrad"}], "greeting":"Hello, Shanna Walters! You have 8 unread messages.", "favoriteFruit":"apple"}