{"_id":"55ee5e449eb83f8bca6d9936", "index":1086, "guid":"4db94944-77c1-4d69-8a35-e29f2401073c", "isActive":true, "balance":"$12,741.73", "picture":"http://placehold.it/32x32", "age":41, "eyeColor":"brown", "name":"Jimenez Hanson", "gender":"male", "company":"COMVEYOR", "email":"jimenezhanson@comveyor.com", "phone":"+1 (945) 446-3032", "address":"469 Ruby Street, Goodville, Massachusetts, 3706", "about":"Dolore incididunt magna commodo et. Eu incididunt exercitation eu occaecat nostrud cupidatat do qui pariatur. Id quis duis consectetur laboris non labore aliqua amet nulla proident nisi consectetur nisi non. Reprehenderit duis ut aliquip elit non quis.\r\n", "registered":"2014-09-24T02:31:07 -07:00", "latitude":-50.284724, "longitude":-172.460539, "tags":["incididunt", "aute", "elit", "minim", "mollit", "quis", "enim"], "friends":[{"id":0, "name":"Alba Brewer"}, {"id":1, "name":"Espinoza Norman"}, {"id":2, "name":"Garrett Peck"}], "greeting":"Hello, Jimenez Hanson! You have 1 unread messages.", "favoriteFruit":"orange"}