{"_id":"55ee5e44ba0fc4a19cb218f0", "index":1285, "guid":"64eec982-be10-4640-95d4-6877a65bfe17", "isActive":false, "balance":"$21,569.74", "picture":"http://placehold.it/32x32", "age":23, "eyeColor":"blue", "name":"Lana Robbins", "gender":"female", "company":"KENGEN", "email":"lanarobbins@kengen.com", "phone":"+1 (892) 534-3958", "address":"457 Vista Place, Moquino, Florida, 2441", "about":"Nostrud id reprehenderit sint labore in proident cillum. Dolor quis est sit ea exercitation. Et aute enim consectetur reprehenderit ullamco laborum. Mollit labore occaecat occaecat amet. Voluptate occaecat eiusmod nostrud labore exercitation non eiusmod irure culpa exercitation Lorem sunt. Fugiat aute proident mollit fugiat ut adipisicing incididunt anim reprehenderit nisi velit aliqua. Eiusmod esse id eiusmod commodo aute eiusmod cupidatat ut non in aute elit officia esse.\r\n", "registered":"2014-09-22T06:26:33 -07:00", "latitude":65.121826, "longitude":-137.631175, "tags":["cupidatat", "ad", "adipisicing", "labore", "eu", "sint", "tempor"], "friends":[{"id":0, "name":"Snow Park"}, {"id":1, "name":"Carmela Olsen"}, {"id":2, "name":"Chang Horne"}], "greeting":"Hello, Lana Robbins! You have 7 unread messages.", "favoriteFruit":"pear"}