{"_id":"55ee5e44b21f8792b841a8b5", "index":1440, "guid":"344682f3-f9dc-4eff-8a0b-608c9f6d6b46", "isActive":false, "balance":"$51,233.60", "picture":"http://placehold.it/32x32", "age":43, "eyeColor":"green", "name":"Tiffany Rodriquez", "gender":"female", "company":"ZANYMAX", "email":"tiffanyrodriquez@zanymax.com", "phone":"+1 (998) 480-3750", "address":"243 Polar Street, Homeland, North Dakota, 1370", "about":"Est pariatur proident officia voluptate. Lorem labore exercitation esse sit mollit aliquip voluptate. Proident minim elit est irure proident dolore commodo esse. Voluptate minim officia ullamco veniam aute ea aliquip in sint reprehenderit excepteur ex tempor adipisicing.\r\n", "registered":"2014-12-08T01:58:56 -07:00", "latitude":4.246673, "longitude":-6.488832, "tags":["velit", "ea", "exercitation", "anim", "ipsum", "id", "mollit"], "friends":[{"id":0, "name":"Melva Hobbs"}, {"id":1, "name":"Alexandria Shepard"}, {"id":2, "name":"Carney Valenzuela"}], "greeting":"Hello, Tiffany Rodriquez! You have 1 unread messages.", "favoriteFruit":"apple"}