{"_id":"55ee5e44db5056f351095e80", "index":1379, "guid":"ec353c1c-48ef-4425-b8f4-d0822aae2870", "isActive":true, "balance":"$72,679.34", "picture":"http://placehold.it/32x32", "age":45, "eyeColor":"green", "name":"Maxwell Hatfield", "gender":"male", "company":"ROTODYNE", "email":"maxwellhatfield@rotodyne.com", "phone":"+1 (922) 582-3646", "address":"214 Paerdegat Avenue, Westmoreland, North Carolina, 4242", "about":"Consectetur tempor voluptate laborum fugiat tempor est Lorem consequat aute ut cillum exercitation veniam. Lorem excepteur nisi ea ipsum reprehenderit commodo magna aliqua adipisicing voluptate ut ad. Cupidatat culpa pariatur velit reprehenderit adipisicing nisi laborum esse tempor dolor voluptate est dolor dolor. Cillum pariatur ipsum irure sit laboris. Mollit adipisicing anim anim aute est veniam cillum ex anim et tempor proident.\r\n", "registered":"2014-07-15T03:08:41 -07:00", "latitude":-61.311371, "longitude":62.543889, "tags":["do", "incididunt", "reprehenderit", "culpa", "et", "occaecat", "dolore"], "friends":[{"id":0, "name":"June Cross"}, {"id":1, "name":"Adkins Stokes"}, {"id":2, "name":"Langley Christensen"}], "greeting":"Hello, Maxwell Hatfield! You have 9 unread messages.", "favoriteFruit":"banana"}