{"_id":"55ee5e446c2ffea67fd469b9", "index":105, "guid":"08048019-76ce-432c-a307-62a97f7071f5", "isActive":true, "balance":"$21,424.51", "picture":"http://placehold.it/32x32", "age":59, "eyeColor":"brown", "name":"Houston Christian", "gender":"male", "company":"GRONK", "email":"houstonchristian@gronk.com", "phone":"+1 (937) 559-3373", "address":"559 Colin Place, Tibbie, Michigan, 7724", "about":"Ex nulla ipsum eiusmod nostrud anim. Mollit fugiat ullamco aliqua enim labore irure dolor aliqua. Ipsum ut anim sit elit deserunt aute laborum commodo irure minim mollit.\r\n", "registered":"2014-10-11T07:11:30 -07:00", "latitude":74.251447, "longitude":40.283004, "tags":["mollit", "aliquip", "ipsum", "laboris", "esse", "labore", "consequat"], "friends":[{"id":0, "name":"Nelson Mayer"}, {"id":1, "name":"Annette Walls"}, {"id":2, "name":"Shelia Bradley"}], "greeting":"Hello, Houston Christian! You have 7 unread messages.", "favoriteFruit":"orange"}