{"_id":"55ee5e449d8b74c73324eec3", "index":1048, "guid":"4ffbf84a-4162-45aa-b9e4-97e0c01118c8", "isActive":false, "balance":"$52,978.33", "picture":"http://placehold.it/32x32", "age":36, "eyeColor":"brown", "name":"Randolph Rivers", "gender":"male", "company":"SARASONIC", "email":"randolphrivers@sarasonic.com", "phone":"+1 (896) 577-2976", "address":"349 Wolf Place, Fidelis, Washington, 535", "about":"Consectetur mollit aliquip amet amet excepteur sint sint irure. Commodo officia proident laborum excepteur exercitation occaecat laboris enim officia duis laborum. Sunt laborum cupidatat ex elit deserunt voluptate minim culpa veniam incididunt enim magna.\r\n", "registered":"2014-09-05T05:01:37 -07:00", "latitude":-80.704301, "longitude":-142.937715, "tags":["ut", "occaecat", "qui", "id", "adipisicing", "minim", "cupidatat"], "friends":[{"id":0, "name":"Jocelyn Wise"}, {"id":1, "name":"Mclaughlin Morales"}, {"id":2, "name":"Calderon Jennings"}], "greeting":"Hello, Randolph Rivers! You have 3 unread messages.", "favoriteFruit":"orange"}