{"_id":"55ee5e44e8de62ec3e6f86d1", "index":1286, "guid":"4dd68699-5ce8-4e97-b910-7e8be10870df", "isActive":false, "balance":"$52,384.12", "picture":"http://placehold.it/32x32", "age":26, "eyeColor":"blue", "name":"Lois Miles", "gender":"female", "company":"MARVANE", "email":"loismiles@marvane.com", "phone":"+1 (901) 574-3366", "address":"686 Bogart Street, Breinigsville, Vermont, 2499", "about":"Minim aute eiusmod aliquip non aute labore aute. Laboris fugiat ad anim ipsum dolor anim officia dolore. Veniam dolore Lorem pariatur labore in non cupidatat tempor do reprehenderit ullamco cillum.\r\n", "registered":"2014-04-22T08:53:48 -07:00", "latitude":-51.474136, "longitude":117.561275, "tags":["qui", "quis", "consectetur", "dolore", "laboris", "enim", "ex"], "friends":[{"id":0, "name":"Kidd Vargas"}, {"id":1, "name":"Letha Gould"}, {"id":2, "name":"Mcgee Gibson"}], "greeting":"Hello, Lois Miles! You have 1 unread messages.", "favoriteFruit":"banana"}