{"_id":"55ee5e4409703b45c47253ee", "index":1064, "guid":"ab3ba013-9b67-4724-a5d6-6ce30b0d4d4c", "isActive":true, "balance":"$12,464.21", "picture":"http://placehold.it/32x32", "age":25, "eyeColor":"blue", "name":"Castillo Mcknight", "gender":"male", "company":"MOBILDATA", "email":"castillomcknight@mobildata.com", "phone":"+1 (992) 442-3768", "address":"707 Coles Street, Maury, Oklahoma, 1808", "about":"Tempor ad reprehenderit ipsum cupidatat ut voluptate aliquip velit adipisicing aliqua cillum enim commodo id. Labore ut laborum incididunt ullamco. Tempor duis velit anim et eu nisi in elit ipsum anim cillum amet. Aliquip eu esse occaecat duis dolore adipisicing enim enim eiusmod fugiat adipisicing irure. Laborum ut laborum exercitation enim nisi eiusmod et ullamco fugiat irure.\r\n", "registered":"2015-02-01T01:24:16 -07:00", "latitude":-53.947157, "longitude":-54.197043, "tags":["id", "aliquip", "esse", "in", "voluptate", "laborum", "reprehenderit"], "friends":[{"id":0, "name":"Debra Knox"}, {"id":1, "name":"Burnett Hays"}, {"id":2, "name":"Doreen Bartlett"}], "greeting":"Hello, Castillo Mcknight! You have 2 unread messages.", "favoriteFruit":"strawberry"}