{"_id":"55ee5e44c02198218ed4155d", "index":1337, "guid":"331e7fb2-e621-4eb6-9a89-4d6d860d99e0", "isActive":true, "balance":"$36,606.39", "picture":"http://placehold.it/32x32", "age":53, "eyeColor":"blue", "name":"Joanna Richmond", "gender":"female", "company":"QUORDATE", "email":"joannarichmond@quordate.com", "phone":"+1 (938) 441-3517", "address":"545 Debevoise Avenue, Chapin, Northern Mariana Islands, 1538", "about":"Nulla proident eu aute laborum nulla sit adipisicing ullamco pariatur commodo culpa. Sunt ullamco tempor nostrud dolore consectetur nostrud duis sint. Minim amet eu nisi incididunt mollit ullamco elit exercitation ut veniam cupidatat. Cupidatat ex adipisicing mollit consequat culpa consequat fugiat cupidatat ullamco. Pariatur tempor nisi aliqua est enim ullamco dolore enim voluptate qui non sunt esse. Irure labore exercitation ea exercitation voluptate voluptate cillum amet velit occaecat ea laboris incididunt.\r\n", "registered":"2015-05-25T06:40:01 -07:00", "latitude":87.773214, "longitude":-140.825524, "tags":["cillum", "reprehenderit", "minim", "est", "enim", "cupidatat", "cillum"], "friends":[{"id":0, "name":"Acosta Fernandez"}, {"id":1, "name":"Paulette Rios"}, {"id":2, "name":"Nichole Logan"}], "greeting":"Hello, Joanna Richmond! You have 3 unread messages.", "favoriteFruit":"banana"}