{"_id":"55ee5e44b3601a7d20eecd9b", "index":1349, "guid":"fc8270f8-6962-4f08-951e-1d75ab754c05", "isActive":false, "balance":"$62,811.96", "picture":"http://placehold.it/32x32", "age":34, "eyeColor":"brown", "name":"Araceli Cunningham", "gender":"female", "company":"COSMOSIS", "email":"aracelicunningham@cosmosis.com", "phone":"+1 (971) 579-3310", "address":"928 Belmont Avenue, Savage, South Dakota, 2615", "about":"Eu commodo anim reprehenderit non aute culpa elit culpa labore officia cillum in. Amet proident irure reprehenderit aliquip excepteur tempor deserunt dolor excepteur tempor duis sit cillum dolor. Magna duis proident est culpa cupidatat laborum Lorem cillum duis culpa nisi magna non pariatur. Laboris exercitation occaecat tempor est ullamco excepteur amet. Pariatur elit cupidatat anim est voluptate consequat amet velit esse dolor. Labore in qui sit est irure fugiat. Sit aliquip cupidatat excepteur veniam id minim ipsum aute Lorem ipsum qui ut ullamco.\r\n", "registered":"2014-09-04T06:05:15 -07:00", "latitude":76.679064, "longitude":8.187071, "tags":["culpa", "cillum", "consequat", "officia", "reprehenderit", "officia", "tempor"], "friends":[{"id":0, "name":"Sellers Gillespie"}, {"id":1, "name":"Marylou Fowler"}, {"id":2, "name":"Glenna Murphy"}], "greeting":"Hello, Araceli Cunningham! You have 8 unread messages.", "favoriteFruit":"strawberry"}