{"_id":"55ee5e44660797ec832ca4f3", "index":1217, "guid":"ee8574d0-d9ba-434e-abdc-a2bad8fa350c", "isActive":false, "balance":"$14,712.14", "picture":"http://placehold.it/32x32", "age":35, "eyeColor":"blue", "name":"Nielsen Rose", "gender":"male", "company":"TRASOLA", "email":"nielsenrose@trasola.com", "phone":"+1 (909) 463-2265", "address":"816 Vermont Court, Belvoir, Pennsylvania, 3929", "about":"Commodo proident dolor amet mollit do. Et minim dolore ex voluptate cillum nostrud esse. Non id deserunt id sit aliqua pariatur laborum non ea ex in. Officia eu nulla sunt et aliqua eu dolor mollit occaecat eiusmod ex do. Consequat minim in anim proident elit duis dolor.\r\n", "registered":"2014-05-06T02:09:30 -07:00", "latitude":-28.754377, "longitude":33.025653, "tags":["anim", "aute", "fugiat", "tempor", "veniam", "enim", "mollit"], "friends":[{"id":0, "name":"Levy Hyde"}, {"id":1, "name":"Karina Bonner"}, {"id":2, "name":"Cecelia Glover"}], "greeting":"Hello, Nielsen Rose! You have 10 unread messages.", "favoriteFruit":"pear"}