{"_id":"55ee5e44bd0d1d1dec675fcb", "index":1367, "guid":"c495883b-9106-4312-ac8c-0ac1cd27268b", "isActive":false, "balance":"$60,162.42", "picture":"http://placehold.it/32x32", "age":56, "eyeColor":"green", "name":"Chen Rodgers", "gender":"male", "company":"KONNECT", "email":"chenrodgers@konnect.com", "phone":"+1 (829) 505-3387", "address":"448 Havens Place, Sussex, Connecticut, 8105", "about":"Tempor voluptate aliquip sint veniam qui incididunt ut duis irure non anim fugiat. Cillum voluptate consectetur excepteur cupidatat ut adipisicing dolore ad. Pariatur quis ullamco fugiat velit minim tempor.\r\n", "registered":"2014-04-20T02:50:51 -07:00", "latitude":-17.581955, "longitude":92.369417, "tags":["culpa", "ipsum", "eu", "excepteur", "commodo", "est", "occaecat"], "friends":[{"id":0, "name":"Zelma Pugh"}, {"id":1, "name":"Gould Cole"}, {"id":2, "name":"Faulkner Nguyen"}], "greeting":"Hello, Chen Rodgers! You have 6 unread messages.", "favoriteFruit":"banana"}