{"_id":"55ee5e445e1e22a5a254fd4e", "index":1378, "guid":"25cdd2b9-bb20-45a0-bfc2-ce4682863d26", "isActive":false, "balance":"$49,337.31", "picture":"http://placehold.it/32x32", "age":35, "eyeColor":"green", "name":"Fannie Leon", "gender":"female", "company":"KNEEDLES", "email":"fannieleon@kneedles.com", "phone":"+1 (973) 578-3382", "address":"883 Hubbard Place, Woodruff, Mississippi, 937", "about":"Nostrud mollit ipsum aute enim velit elit eu. Amet proident deserunt dolore ea amet culpa cupidatat duis tempor. In et dolor qui aute eiusmod ex aliqua duis consectetur duis cupidatat duis aute. Aliquip in laboris anim commodo in aliqua dolore. Aliqua aliquip nulla Lorem proident incididunt laboris ut labore laboris eiusmod officia officia consectetur nostrud.\r\n", "registered":"2014-01-01T07:37:50 -07:00", "latitude":-40.393929, "longitude":133.066378, "tags":["deserunt", "culpa", "anim", "do", "aliqua", "sunt", "nostrud"], "friends":[{"id":0, "name":"Geneva Smith"}, {"id":1, "name":"Maricela Wagner"}, {"id":2, "name":"Luz Banks"}], "greeting":"Hello, Fannie Leon! You have 7 unread messages.", "favoriteFruit":"orange"}