{"_id":"55ee5e44d9bd12093f4d6ad9", "index":1242, "guid":"8d5cea69-582d-4ef6-a4d5-cf6a4b4e5826", "isActive":false, "balance":"$90,653.44", "picture":"http://placehold.it/32x32", "age":56, "eyeColor":"green", "name":"Stevens Trevino", "gender":"male", "company":"KEGULAR", "email":"stevenstrevino@kegular.com", "phone":"+1 (812) 594-3725", "address":"771 Ridgewood Place, Richmond, Virginia, 1416", "about":"Mollit ut cillum irure labore proident deserunt. Adipisicing dolor sunt qui cillum. Ea eu pariatur aliqua mollit dolore sit dolor ipsum laborum. Elit consectetur ipsum nisi enim aliqua qui mollit officia fugiat velit velit.\r\n", "registered":"2014-05-22T12:32:31 -07:00", "latitude":87.232794, "longitude":88.689125, "tags":["adipisicing", "laboris", "sunt", "ea", "ex", "eiusmod", "id"], "friends":[{"id":0, "name":"Tracy Mcdowell"}, {"id":1, "name":"Dillard Joyner"}, {"id":2, "name":"Valdez Sherman"}], "greeting":"Hello, Stevens Trevino! You have 5 unread messages.", "favoriteFruit":"banana"}