{"_id":"55ee5e4490088b07f234ce7e", "index":1255, "guid":"9d70b4a8-8a67-4cbc-bf38-6b163f19dba4", "isActive":false, "balance":"$16,188.40", "picture":"http://placehold.it/32x32", "age":25, "eyeColor":"brown", "name":"Hays Lambert", "gender":"male", "company":"MAXIMIND", "email":"hayslambert@maximind.com", "phone":"+1 (894) 490-2198", "address":"416 Allen Avenue, Vernon, New York, 4772", "about":"Nisi laborum amet labore officia irure id exercitation tempor voluptate quis ut commodo laborum. Sit enim dolor et mollit. Pariatur voluptate in nulla fugiat amet in deserunt qui consequat ullamco reprehenderit. Et enim mollit cillum duis enim cupidatat ex officia sint cupidatat adipisicing aute nulla culpa. Mollit sunt nostrud aliquip eiusmod dolor incididunt mollit reprehenderit cillum. Officia reprehenderit esse elit duis cupidatat qui.\r\n", "registered":"2014-08-02T02:03:05 -07:00", "latitude":-30.882343, "longitude":68.876981, "tags":["id", "cillum", "nostrud", "do", "eu", "aliqua", "dolor"], "friends":[{"id":0, "name":"Pitts Thomas"}, {"id":1, "name":"Boyle Richards"}, {"id":2, "name":"Tamra Hill"}], "greeting":"Hello, Hays Lambert! You have 10 unread messages.", "favoriteFruit":"apple"}