{"_id":"55ee5e4480cd5e8761943201", "index":106, "guid":"2c20c3af-0127-489b-afda-794b84c594b7", "isActive":true, "balance":"$86,472.25", "picture":"http://placehold.it/32x32", "age":31, "eyeColor":"blue", "name":"Roxanne Barker", "gender":"female", "company":"EQUICOM", "email":"roxannebarker@equicom.com", "phone":"+1 (858) 583-2850", "address":"511 Stryker Court, Ellerslie, North Dakota, 1762", "about":"Esse cillum reprehenderit elit pariatur fugiat reprehenderit ad esse proident non velit. Anim sint ea tempor aliquip pariatur excepteur aliquip in aliquip. Tempor aute veniam mollit aute fugiat aliqua eu ad non velit ex. Eiusmod officia sunt aliquip mollit nisi ex. Qui elit adipisicing pariatur sint laborum Lorem nisi reprehenderit commodo enim do. Consectetur ipsum aliquip exercitation do laboris ullamco aliqua aute.\r\n", "registered":"2014-08-14T05:32:21 -07:00", "latitude":38.642198, "longitude":74.674253, "tags":["cillum", "ad", "enim", "tempor", "quis", "qui", "in"], "friends":[{"id":0, "name":"Beach Rosario"}, {"id":1, "name":"Rosemary English"}, {"id":2, "name":"Britt Beasley"}], "greeting":"Hello, Roxanne Barker! You have 1 unread messages.", "favoriteFruit":"pear"}