{"_id":"55ee5e44b2289112b00cfa36", "index":1236, "guid":"56b307c5-089b-4978-9cb1-035ab85e98af", "isActive":true, "balance":"$65,325.58", "picture":"http://placehold.it/32x32", "age":32, "eyeColor":"brown", "name":"Ellen York", "gender":"female", "company":"ENTOGROK", "email":"ellenyork@entogrok.com", "phone":"+1 (827) 495-2045", "address":"462 Vine Street, Forestburg, Alaska, 6953", "about":"Qui sint nostrud amet aliqua irure ad aliqua mollit occaecat proident irure esse cillum. Do eiusmod eu sit incididunt magna veniam fugiat ex anim aliquip eu pariatur. Irure proident sunt ad proident commodo ullamco. Cillum cupidatat commodo irure et est tempor elit proident ut. Duis irure nulla anim ea sunt commodo. Consectetur anim eu ut sunt aliqua aliquip quis consectetur excepteur deserunt do minim deserunt. Cillum culpa anim do ullamco.\r\n", "registered":"2014-01-16T01:57:42 -07:00", "latitude":30.814894, "longitude":11.87914, "tags":["voluptate", "eiusmod", "velit", "enim", "voluptate", "ex", "occaecat"], "friends":[{"id":0, "name":"Lambert Vega"}, {"id":1, "name":"Terrie May"}, {"id":2, "name":"Franks Santiago"}], "greeting":"Hello, Ellen York! You have 6 unread messages.", "favoriteFruit":"apple"}