{"_id":"55ee5e442936f7146f67f393", "index":1254, "guid":"61eba750-567c-43b5-8d20-b37fc46849c9", "isActive":true, "balance":"$67,764.11", "picture":"http://placehold.it/32x32", "age":31, "eyeColor":"blue", "name":"Deleon Drake", "gender":"male", "company":"FUELWORKS", "email":"deleondrake@fuelworks.com", "phone":"+1 (897) 448-3277", "address":"678 Veronica Place, Kimmell, Nebraska, 3205", "about":"Quis ad ipsum dolore consectetur cillum nulla veniam aliqua laborum do est dolor. Consequat eu incididunt exercitation laboris magna est aliquip quis aliquip nostrud ut velit. Culpa dolore elit consectetur anim enim occaecat mollit culpa. Mollit minim ullamco irure qui consequat reprehenderit duis officia voluptate. Esse aute quis et duis nisi proident duis non magna in ex. Sint ea nisi mollit culpa labore ipsum consequat dolor anim consequat mollit veniam exercitation velit. Esse amet excepteur nisi minim.\r\n", "registered":"2015-08-19T11:30:28 -07:00", "latitude":-33.214606, "longitude":-174.994675, "tags":["nostrud", "eu", "ipsum", "eu", "do", "enim", "proident"], "friends":[{"id":0, "name":"Greer Graves"}, {"id":1, "name":"Pate Hansen"}, {"id":2, "name":"Hammond Galloway"}], "greeting":"Hello, Deleon Drake! You have 5 unread messages.", "favoriteFruit":"banana"}