{"_id":"55ee5e44c8c60961a815718e", "index":1122, "guid":"d1508d99-c398-4f98-8aea-0949cce6e8cf", "isActive":false, "balance":"$85,672.10", "picture":"http://placehold.it/32x32", "age":51, "eyeColor":"brown", "name":"Daphne Patterson", "gender":"female", "company":"HOTCAKES", "email":"daphnepatterson@hotcakes.com", "phone":"+1 (905) 582-2305", "address":"987 Harbor Lane, Cumminsville, Oklahoma, 6162", "about":"Amet laboris magna ea aliqua aliquip labore cupidatat eu proident id consectetur Lorem nulla. Excepteur et nisi proident est Lorem fugiat fugiat aliquip exercitation est dolor incididunt magna. Sit et cillum irure ut proident aliquip aute.\r\n", "registered":"2014-05-31T01:47:38 -07:00", "latitude":83.424616, "longitude":-120.756306, "tags":["cillum", "consectetur", "reprehenderit", "exercitation", "in", "amet", "ea"], "friends":[{"id":0, "name":"Walker Joseph"}, {"id":1, "name":"Pansy Ingram"}, {"id":2, "name":"Sheena Atkinson"}], "greeting":"Hello, Daphne Patterson! You have 2 unread messages.", "favoriteFruit":"banana"}